x,y,z
64.53212068,45.01940217,-2.648892584
64.41755199,45.27762641,-2.650002922
64.30033686,45.53465581,-2.651866456
64.18048667,45.79046072,-2.654465642
64.05801372,46.04501202,-2.657782695
63.93293126,46.29828113,-2.661799606
63.80525342,46.55024008,-2.666498165
63.67499521,46.80086149,-2.671859971
63.54217251,47.05011864,-2.677866459
63.40680218,47.2979851,-2.684498901
63.26890153,47.54443593,-2.691738458
63.12848893,47.78944629,-2.699566163
62.9855835,48.03299208,-2.707962954
62.84020485,48.27504996,-2.716908468
62.69237288,48.5155936,-2.726369976
62.54210156,48.75460571,-2.736308166
62.38941091,48.992061,-2.746683455
62.23431988,49.22793782,-2.757456554
62.07684804,49.46221534,-2.76858839
61.91701562,49.69487348,-2.78004014
61.75484347,49.92589293,-2.791773254
61.59035301,50.15525519,-2.803749491
61.42356725,50.38294114,-2.815930869
61.25450758,50.60893545,-2.828279928
61.08319731,50.8332216,-2.840759489
60.90966004,51.05578412,-2.853332802
60.73392067,51.27660728,-2.865963464
60.55599852,51.49567546,-2.878610144
60.37590582,51.71296526,-2.891219863
60.19365615,51.92845075,-2.903738642
60.00925849,52.14211282,-2.916113644
59.82272763,52.35392691,-2.928292478
59.63407777,52.56387061,-2.940223669
59.443324,52.77192194,-2.951856578
59.25048336,52.97805826,-2.963141364
59.05557203,53.1822593,-2.97402918
58.85860898,53.38450333,-2.984471983
58.65961059,53.58477266,-2.994422843
58.45859755,53.78304666,-3.003835608
58.25559069,53.97930607,-3.01266515
58.0506137,54.1735302,-3.020867233
57.84367874,54.36569764,-3.028395475
57.63479231,54.55577003,-3.035198205
57.42395985,54.74370872,-3.04122419
57.21119217,54.92947157,-3.046423138
56.99649136,55.1130253,-3.050746051
56.77986992,55.2943288,-3.054144767
56.56133943,55.47334324,-3.056572277
56.34091459,55.65002877,-3.057982678
56.11860929,55.82434771,-3.05833124
55.89444115,55.99626109,-3.057574399
55.6684264,56.1657327,-3.055669791
55.44058573,56.33272461,-3.052576303
55.21094091,56.4972,-3.048254106
54.97951695,56.65912165,-3.042664739
54.74633867,56.81845235,-3.035771394
54.5114202,56.97514492,-3.027540937
54.27477692,57.12914209,-3.017942413
54.03642622,57.28038587,-3.006945526
53.79638502,57.4288193,-2.994520526
53.55467451,57.57438369,-2.980638478
53.31131309,57.71702293,-2.965270907
53.06632596,57.85667797,-2.9483904
52.81974043,57.99328986,-2.929970433
52.57158361,58.12680122,-2.909985235
52.32188844,58.25715307,-2.88841032
52.07068193,58.38429116,-2.865221536
51.81800111,58.50815782,-2.840396499
51.56388298,58.62869742,-2.81391382
51.30836803,58.74585483,-2.785753493
51.05149778,58.85957657,-2.755896994
50.79331471,58.96980745,-2.724335604
50.53385631,59.07649069,-2.691070286
50.27316582,59.17956624,-2.656102832
50.01128806,59.27897313,-2.619434875
49.74826712,59.37465038,-2.581067631
49.48415363,59.46653464,-2.541003044
49.21898836,59.55456602,-2.499241373
48.95282541,59.63868021,-2.455784794
48.68571741,59.71881399,-2.41063527
48.41771913,59.7949041,-2.363795174
48.14888981,59.86688689,-2.315267808
47.87928619,59.93470044,-2.26505623
47.60897016,59.99828269,-2.2131647
47.33800569,60.05757254,-2.159598236
47.06645987,60.11250989,-2.104362903
46.79440252,60.16303616,-2.047466004
46.52190163,60.20910295,-1.988925366
46.24902805,60.25067412,-1.928776086
45.9758556,60.28771243,-1.867054401
45.70245143,60.32017966,-1.803793977
45.42889048,60.34803481,-1.739029258
45.15524718,60.3712355,-1.67279372
44.8815975,60.38973785,-1.605120431
44.60802093,60.40349661,-1.536042639
44.33459454,60.4124657,-1.465592385
44.0614007,60.41659799,-1.393802511
43.78852326,60.41584578,-1.320705816
43.5160484,60.41016104,-1.246335355
43.24406585,60.39949571,-1.170724876
42.97266511,60.38380186,-1.093907849
42.70194033,60.36303217,-1.015918924
42.43198818,60.33714022,-0.936793424
42.16290794,60.30608179,-0.856568084
41.89479176,60.26983902,-0.77529371
41.62772683,60.22842045,-0.693036571
41.3617999,60.18183287,-0.60986255
41.09709861,60.13008007,-0.525836718
40.83371222,60.07316317,-0.441023678
40.57173027,60.01108039,-0.355487206
40.31124494,59.9438277,-0.269291101
40.05235024,59.87139883,-0.182499003
39.79514246,59.79378554,-0.095174636
39.53972027,59.71097782,-0.007381926
39.28618511,59.62296421,0.080814804
39.03464134,59.52973209,0.169350681
38.78519647,59.43126799,0.258160145
38.53796125,59.32755795,0.347176812
38.2930499,59.21858786,0.436333341
38.05057958,59.10434357,0.525561544
37.81067281,58.98481262,0.614791354
37.57344044,58.86000584,0.703946113
37.33896295,58.7299832,0.792936265
37.10731846,58.59480939,0.881670187
36.87858529,58.45454599,0.970056474
36.65284275,58.30925188,1.058003557
36.43017033,58.15898253,1.145419969
36.21065238,58.00379311,1.232212445
35.99437245,57.84373469,1.318288051
35.78141745,57.67885699,1.403552477
35.57187541,57.50920671,1.487910858
35.36584099,57.334832,1.571265472
35.16340936,57.15577766,1.653518105
34.96468026,56.97208852,1.734568356
34.76975555,56.78380734,1.814314532
34.57874428,56.59097981,1.892651503
34.39175797,56.39365036,1.969472563
34.20891273,56.19186441,2.044668481
34.03031546,55.98568139,2.118127814
33.8560205,55.77521199,2.189738548
33.68606632,55.56057523,2.259388649
33.52049298,55.34188963,2.326964075
33.35934109,55.11927157,2.392349077
33.2026509,54.89283342,2.455426418
33.05046694,54.66268971,2.516075333
32.9028345,54.428952,2.574172764
32.75979953,54.19173051,2.629593297
32.6213937,53.95115028,2.682216437
32.4876324,53.70734271,2.731927174
32.35853325,53.46044454,2.778607436
32.23411158,53.21058824,2.822137578
32.11438276,52.95790536,2.862395285
31.99936402,52.70253002,2.899254734
31.889074,52.44459796,2.932586594
31.78353077,52.18424332,2.962258484
31.68272612,51.9216175,2.988147948
31.58660907,51.65688802,3.010150082
31.49512234,51.39022279,3.028159711
31.40820619,51.12179042,3.042069436
31.32579711,50.85175526,3.05176946
31.24782999,50.5802827,3.057146749
31.17423903,50.30754227,3.058084682
31.10495452,50.03369783,3.054463334
31.03988246,49.75892275,3.046183857
30.97889327,49.48339485,3.033178331
30.92184864,49.20728926,3.015380659
30.86860491,48.93078308,2.992724324
30.81901114,48.65404328,2.965140869
30.77291258,48.37724355,2.932560712
30.73014873,48.10055282,2.894911643
30.6905517,47.824136,2.852122862
30.6539264,47.548158,2.804173235
30.6200551,47.2727709,2.751072998
30.58871171,46.99812403,2.692835335
30.55966191,46.72436027,2.629474612
30.53266373,46.45161699,2.561005771
30.5074683,46.18003084,2.487444917
30.48381927,45.90973068,2.408807078
30.46145526,45.640835,2.325139247
30.44011065,45.37343452,2.236556594
30.41951255,45.10760895,2.143187288
30.39938085,44.8434283,2.045163058
30.37942879,44.58095411,1.942618682
30.3593636,44.32024333,1.835692726
30.33888655,44.0613452,1.724525691
30.31770291,43.80429411,1.609274805
30.29555734,43.54908817,1.490172176
30.27220305,43.29570038,1.367471775
30.24739063,43.04409594,1.241432483
30.22086852,42.79423202,1.112316929
30.19238334,42.54605766,0.980390389
30.16168064,42.2995175,0.845921832
30.12851727,42.05454567,0.709189668
30.09273086,41.81103598,0.57052086
30.05419335,41.56885988,0.430262166
30.01277908,41.32788402,0.288762022
29.96836484,41.0879705,0.146369282
29.92083053,40.84897986,0.003433733
29.8700595,40.61077139,-0.139694901
29.81595105,40.37320353,-0.282665079
29.75850563,40.13610918,-0.425118819
29.69777553,39.89930922,-0.56669663
29.63381643,39.66262583,-0.707042373
29.56668764,39.4258854,-0.845802762
29.49645247,39.18892032,-0.982627559
29.42317821,38.95156919,-1.117170788
29.34694403,38.71368037,-1.249091948
29.26791416,38.47509831,-1.378085396
29.18630949,38.23567112,-1.503867975
29.10235078,37.99525267,-1.626163013
29.01625906,37.75370766,-1.74469823
28.92825608,37.51091332,-1.859206025
28.83856283,37.26675633,-1.969426186
28.74740339,37.02114134,-2.07510439
28.65503901,36.77398245,-2.176035025
28.56177995,36.52521117,-2.272064764
28.4679359,36.27477161,-2.363045546
28.37380851,36.0226095,-2.448835913
28.27969819,35.76869086,-2.529295147
28.18589943,35.5129902,-2.604288661
28.0927024,35.25549611,-2.673687238
28.00039757,34.99621582,-2.737382202
27.9092874,34.73516987,-2.795340738
27.81967725,34.47239843,-2.847548044
27.73186395,34.20794302,-2.893989985
27.64613906,33.94185629,-2.934651936
27.56278753,33.67419878,-2.969520481
27.48208717,33.40503844,-2.998584374
27.40431025,33.13445794,-3.021834923
27.32971361,32.86254876,-3.039293482
27.25853358,32.58942002,-3.05104029
27.19099944,32.31518422,-3.057159747
27.12733557,32.03995565,-3.057732531
27.06776258,31.76385634,-3.05283648
27.0124959,31.4870116,-3.042547608
26.96174542,31.20955018,-3.026940831
26.91571645,30.93161315,-3.006091423
26.8745925,30.6533392,-2.980091412
26.83851451,30.37487781,-2.94907808
26.80761562,30.09638154,-2.913191694
26.78202719,29.81799605,-2.872566353
26.76188012,29.53987357,-2.827332339
26.74730381,29.26217003,-2.777616712
26.73842551,28.9850405,-2.72354317
26.73537013,28.70864521,-2.665233749
26.73825427,28.43314995,-2.602813047
26.74714448,28.15870847,-2.536431794
26.76208257,27.88547622,-2.466253381
26.78311237,27.6136096,-2.392436594
26.81028044,27.34325837,-2.315133786
26.8436348,27.07457877,-2.234494871
26.88322462,26.80772931,-2.150666834
26.92910036,26.54286735,-2.063793086
26.98131207,26.28015673,-1.97401638
27.03989357,26.01975515,-1.881482549
27.10482347,25.76180484,-1.786354905
27.17607279,25.50644312,-1.688796585
27.2536166,25.25380868,-1.588967426
27.33743489,25.00403817,-1.487022906
27.42751062,24.75727216,-1.383116772
27.52382974,24.51365352,-1.277400774
27.62638124,24.27332673,-1.170024677
27.73515548,24.03644068,-1.061137816
27.85012334,23.80313507,-0.950891666
27.97120694,23.57352328,-0.839443897
28.09832585,23.34771463,-0.726950734
28.23140456,23.12581953,-0.61356635
28.37037238,22.90794965,-0.499443115
28.5151627,22.69421927,-0.384732423
28.66571262,22.48474558,-0.269585063
28.82196249,22.27964922,-0.154151704
28.98385516,22.07905483,-0.038583434
29.15131651,21.88307582,0.076968732
29.32423072,21.69179103,0.192356044
29.50248016,21.5052747,0.307430994
29.685952,21.32360214,0.422046762
29.87453721,21.14685112,0.536056326
30.06813103,20.97510166,0.649312503
30.26663244,20.80843685,0.76166734
30.46994262,20.64694424,0.872971064
30.67796646,20.49071463,0.983072734
30.8905925,20.339827,1.09182259
31.10767817,20.19431888,1.199081827
31.32908022,20.05422195,1.304713096
31.55465668,19.91957034,1.408577193
31.78427091,19.7903985,1.510534617
32.01778914,19.66674329,1.610444021
32.25508083,19.54864416,1.708161995
32.4960162,19.43614469,1.803541688
32.74046921,19.32929102,1.896433929
32.98829716,19.22811008,1.986695938
33.23933754,19.13258855,2.074202231
33.49343215,19.04270712,2.158829172
33.75041897,18.95844847,2.240449366
34.01014266,18.87979398,2.318934761
34.27245269,18.80672522,2.394155295
34.53719647,18.73922641,2.465976383
34.80422466,18.67728319,2.534260006
35.0733889,18.62088057,2.598865905
35.34452325,18.5699704,2.659675002
35.61746133,18.52447668,2.716586244
35.89203668,18.4843203,2.7694973
36.16808582,18.44941953,2.818304303
36.44545044,18.41969032,2.862901539
36.72397437,18.39504734,2.903180146
37.00349633,18.3754048,2.939026578
37.28386537,18.36067541,2.970324235
37.56492666,18.35075655,2.996971536
37.8465214,18.34551403,3.018902568
38.12849628,18.34480464,3.03605612
38.41069942,18.34847969,3.048370722
38.69298789,18.35638558,3.055784254
38.97522061,18.36836424,3.058232737
39.25725736,18.38425331,3.055649708
39.53896631,18.40388679,3.047965453
39.82021572,18.42708996,3.035127915
40.10088293,18.45367212,3.017131395
40.3808535,18.4834338,2.993978923
40.66001576,18.51616788,2.965676041
40.93827168,18.55166123,2.932228954
41.21552601,18.58969387,2.893644649
41.49168949,18.63003949,2.84992987
41.76668022,18.67246624,2.801091496
42.04042607,18.71674773,2.747172086
42.31287047,18.7626636,2.688255671
42.58396578,18.809987,2.624433478
42.85367507,18.85848477,2.555800872
43.1219712,18.90791756,2.482456701
43.38883564,18.95803986,2.40450281
43.65425967,19.00860028,2.322042983
43.91824352,19.05935535,2.235195725
44.18080209,19.11010456,2.144126288
44.44196358,19.16065396,2.049014989
44.70176442,19.21080561,1.950049113
44.96025718,19.26035936,1.847419091
45.21749894,19.30911075,1.741322156
45.4735586,19.35685264,1.631958898
45.72851657,19.40338759,1.519536924
45.98245237,19.44858488,1.404296897
46.23546179,19.49233996,1.286490683
46.48764789,19.53454847,1.166376186
46.7391221,19.57510659,1.044216029
46.99000205,19.61391074,0.920277783
47.24041267,19.65085796,0.794832704
47.49048183,19.68586144,0.668153088
47.74032148,19.7189189,0.540503001
47.99004492,19.75005897,0.41214357
48.23976696,19.77931244,0.283339538
48.48960683,19.8067126,0.154357092
48.73968605,19.83229483,0.025464223
48.99012602,19.85609633,-0.103068722
49.24104591,19.87817261,-0.230972054
49.49255489,19.8986412,-0.357982512
49.74475967,19.91763541,-0.483838566
49.99776209,19.93529001,-0.608277343
50.25166442,19.95174134,-0.731038164
50.50656172,19.9671265,-0.851859752
50.76254342,19.98158324,-0.970482324
51.01967347,19.99527576,-1.086687827
51.27796641,20.0084268,-1.200349101
51.53742847,20.02126569,-1.311352221
51.79806213,20.03401996,-1.419583589
52.05986843,20.04691523,-1.524931113
52.32284236,20.06017485,-1.627282611
52.58697385,20.07401963,-1.726526622
52.85224913,20.0886677,-1.822553287
53.11864719,20.10433395,-1.915253477
53.38614075,20.12122964,-2.004519692
53.65469415,20.13956186,-2.090245917
53.92426754,20.15953326,-2.172329567
54.1948106,20.18134099,-2.250670107
54.46626467,20.20517619,-2.325171554
54.73855158,20.23122088,-2.395794514
55.01156667,20.25964776,-2.46257656
55.28520765,20.29062607,-2.525561157
55.55936644,20.3243209,-2.584789203
55.83393307,20.36089346,-2.640300372
56.10879751,20.40050119,-2.69213371
56.38384581,20.44329702,-2.740327136
56.65896286,20.4894264,-2.784919186
56.93402866,20.53902385,-2.825949125
57.208927,20.59222037,-2.863456304
57.483533,20.64914175,-2.897478354
57.75771947,20.70990927,-2.928052531
58.03135722,20.7746394,-2.955216016
58.30431422,20.84344328,-2.979006089
58.57645631,20.9164133,-2.999470005
58.84766404,20.99358314,-3.016698677
59.11781611,21.07496881,-3.030792325
59.38680013,21.16058897,-3.041848767
59.65449946,21.25046105,-3.049962854
59.92079934,21.34460288,-3.055227028
60.1855839,21.44303169,-3.057731422
60.44873784,21.54576443,-3.057564103
60.7101515,21.65281992,-3.054811145
60.9697081,21.76421356,-3.049556839
61.22729254,21.87996057,-3.041883892
61.48278678,22.00007379,-3.031873684
61.73607786,22.12456718,-3.019606109
61.98704789,22.25345096,-3.005160089
62.23557824,22.38673314,-2.988613612
62.48155519,22.52441207,-2.970045116
62.72489437,22.66643691,-2.949540184
62.96551931,22.81273759,-2.927186148
63.20336254,22.96325118,-2.903067715
63.43835119,23.11791334,-2.877268331
63.6704151,23.27666313,-2.849869518
63.89948464,23.43944177,-2.82095114
64.12548856,23.60619095,-2.790591769
64.34836067,23.7768578,-2.758867856
64.56803083,23.95138824,-2.725854992
64.78442959,24.12973024,-2.691627392
64.99748639,24.31183238,-2.656258229
65.20713179,24.49764561,-2.619819352
65.41329478,24.68712091,-2.582381788
65.61590371,24.8802099,-2.544015683
65.81488586,25.07686429,-2.504790454
66.01017849,25.27702642,-2.464772388
66.20174751,25.48060794,-2.424020445
66.38956802,25.6875202,-2.382590839
66.57361329,25.89767433,-2.340539433
66.75385801,26.1109848,-2.297921066
66.93027724,26.32736842,-2.254789761
67.10284586,26.54674381,-2.211198865
67.27153956,26.76903274,-2.167200803
67.43633344,26.99415845,-2.12284744
67.59720234,27.22204616,-2.078190012
67.75412067,27.45262283,-2.033279192
67.90706212,27.68581682,-1.988165193
68.0560001,27.9215586,-1.942897654
68.20090705,28.15977966,-1.897525882
68.34175456,28.40041275,-1.852098832
68.47851323,28.6433916,-1.806665184
68.61115661,28.8886483,-1.761271542
68.73968033,29.1361031,-1.715953734
68.86408773,29.38567238,-1.670743764
68.98438281,29.63727475,-1.625673181
69.10056993,29.89083066,-1.580773161
69.21265365,30.14626237,-1.536074533
69.32063856,30.40349375,-1.491607836
69.42452934,30.66245079,-1.447403244
69.52433037,30.92306077,-1.403490728
69.62004577,31.18525259,-1.359900018
69.71167927,31.44895663,-1.31666065
69.7992341,31.71410461,-1.273801999
69.88271293,31.9806296,-1.231353305
69.96211776,32.24846584,-1.189343712
70.03744988,32.5175487,-1.147802303
70.10870976,32.78781452,-1.106758138
70.1758973,33.05920047,-1.066240086
70.23902016,33.33164172,-1.026271259
70.29809589,33.60507124,-0.986867984
70.35314298,33.87942311,-0.948046003
70.40418023,34.15463274,-0.90982086
70.45122663,34.43063677,-0.872207919
70.49430126,34.70737308,-0.835222392
70.53342324,34.98478074,-0.798879348
70.56861162,35.26279997,-0.763193743
70.59988528,35.54137207,-0.72818044
70.62726291,35.82043941,-0.693854227
70.6507629,36.09994554,-0.660229816
70.67040325,36.37983419,-0.627321978
70.68620162,36.66005111,-0.595145344
70.69817515,36.9405421,-0.563714639
70.70634051,37.22125395,-0.533044602
70.71071377,37.5021341,-0.50315002
70.71131127,37.78313062,-0.474044743
70.70815315,38.06419154,-0.445737768
70.70126101,38.3452657,-0.418236477
70.69065671,38.6263027,-0.391548127
70.6763623,38.90725292,-0.365679856
70.65839999,39.18806759,-0.340638688
70.63679207,39.46869844,-0.316431583
70.61156088,39.74909811,-0.293065399
70.58272874,40.02921987,-0.270546936
70.55031794,40.30901764,-0.248882944
70.51435069,40.58844596,-0.228080132
70.47484906,40.86745999,-0.208145177
70.43183497,41.14601538,-0.189084748
70.38533014,41.42406832,-0.170905507
70.33535611,41.70157549,-0.153614125
70.28193414,41.97849402,-0.137217287
70.2250852,42.25478145,-0.121721674
70.16482922,42.53039538,-0.10713298
70.10118523,42.80529359,-0.093455688
70.03417238,43.07943421,-0.080694148
69.96380983,43.35277616,-0.068852616
69.89011736,43.62527689,-0.057935361
69.81311417,43.89689686,-0.047946482
69.73282001,44.16759504,-0.038890095
69.64925459,44.43733114,-0.03077025
69.56243771,44.70606515,-0.023590952
69.47238922,44.97375728,-0.017356165
69.37912877,45.2403687,-0.012069803
69.28267695,45.50585825,-0.007735797
69.18305321,45.77018834,-0.004357982
69.08027771,46.03331958,-0.001940204
68.9743705,46.29521316,-0.000486279
68.86535177,46.55583014,1.55E-15
68.75319673,46.81511322,0.00048628
68.63796422,47.07303967,0.001940206
68.51966817,47.32956822,0.004357985
68.39832263,47.58465751,0.007735801
68.2739418,47.8382661,0.012069816
68.14654001,48.09035245,0.017356165
68.01613177,48.34087492,0.023590952
67.88273175,48.58979173,0.030770251
67.74635485,48.837061,0.038890096
67.60701618,49.08264071,0.047946484
67.46473109,49.32648871,0.057935363
67.3195152,49.56856272,0.068852636
67.1713844,49.80882031,0.080694149
67.02035491,50.04721892,0.09345569
66.86644326,50.28371584,0.107132981
66.70966636,50.51826823,0.121721676
66.55004145,50.75083309,0.137217286
66.3875852,50.98136671,0.153614125
66.22231368,51.20982451,0.170905508
66.05424303,51.43616142,0.18908475
65.88338953,51.66033189,0.208145178
65.7097697,51.88228989,0.228080132
65.53340023,52.10198889,0.248882947
65.35429816,52.31938188,0.27054694
65.17248084,52.53442131,0.293065403
64.987966,52.7470592,0.316431588
64.80077184,52.95724702,0.340638694
64.61091703,53.16493582,0.365679855
64.41842077,53.37007615,0.391548129
64.22330286,53.57261814,0.418236481
64.02558376,53.77251149,0.445737773
63.8252856,53.96970453,0.474044609
63.62242737,54.16414905,0.50315002
63.41703537,54.35579173,0.533044602
63.20913477,54.54458568,0.56371464
62.99875227,54.73048288,0.595145344
62.78591467,54.91343442,0.627321979
62.57064897,55.09339048,0.660229838
62.35298162,55.27030101,0.693854355
62.1329427,55.44411242,0.728180442
61.91055782,55.61477414,0.763193746
61.68585636,55.78223209,0.79887935
61.4588675,55.94643196,0.835222393
61.22962112,56.10731856,0.87220792
60.99814783,56.26483589,0.909820861
60.76447917,56.41892709,0.948046005
60.52864761,56.56953456,0.986867985
60.29068667,56.71659993,1.026271259
60.05063098,56.8600642,1.066240085
59.80851668,56.99986823,1.106758138
59.56438482,57.13596172,1.147802362
59.31828142,57.26830078,1.189343769
59.07025168,57.39684113,1.231353361
58.8203413,57.521537,1.273802049
58.56859628,57.64234133,1.316660684
58.31506306,57.75920577,1.359900017
58.05978762,57.87208105,1.403490836
57.80281905,57.98091553,1.447403348
57.5442051,58.08565722,1.491607928
57.28399509,58.18625254,1.536074609
57.02223942,58.28264666,1.580773162
56.75898882,58.37478385,1.625673208
56.49429697,58.46260658,1.670743779
56.22821796,58.54605663,1.715953725
55.96080774,58.62507464,1.761271489
55.69212347,58.69960044,1.806665194
55.42222664,58.76958156,1.852098841
55.15118259,58.83499046,1.897526153
54.87906264,58.89580157,1.942897914
54.60593333,58.95198912,1.988165438
54.33186326,59.00352546,2.0332794
54.05692152,59.05038142,2.078190068
53.78117652,59.09252652,2.12284747
53.50469849,59.12992853,2.167200946
53.22756042,59.16255348,2.211198997
52.94983428,59.19036617,2.254789854
52.67159426,59.2133298,2.297920942
52.39291274,59.2314063,2.340539483
52.11387078,59.24455566,2.382590862
51.83454638,59.2527369,2.424020423
51.55502129,59.25590765,2.464772418
51.27537796,59.25402435,2.504790445
50.99570178,59.24705025,2.544015814
50.71608058,59.23499066,2.582381847
50.43659699,59.21786437,2.619819483
50.15733727,59.19568954,2.65625835
49.87838535,59.1684833,2.6916275
49.59982643,59.13626188,2.725854883
49.32174339,59.09904009,2.758867706
49.04422244,59.05683191,2.790591677
48.76735126,59.00965033,2.820951181
48.49121737,58.95750703,2.849869398
48.21590861,58.90041228,2.877268145
47.94151556,58.8383754,2.903067552
47.66813192,58.77140496,2.927185983
47.39585243,58.69950823,2.949540169
47.12477315,58.62269123,2.970045079
46.85499398,58.54095945,2.98861366
46.58661294,58.45433927,3.005160128
46.31971012,58.36291158,3.019606072
46.0543589,58.26676632,3.031873667
45.79063479,58.16599583,3.041883913
45.52860941,58.06069251,3.049556813
45.26835172,57.9509489,3.054811117
45.00993117,57.83685868,3.057564091
44.75341536,57.71851559,3.057731421
44.49887197,57.59601402,3.055227028
44.24636706,57.46944813,3.049962882
43.99596735,57.33891271,3.041848831
43.74773871,57.20450234,3.030792379
43.50175029,57.06631349,3.016698676
43.25806862,56.92444125,2.999470043
43.01676312,56.77898231,2.979006035
42.77789526,56.63004778,2.955215978
42.54148951,56.47779718,2.92805243
42.30755894,56.3224037,2.897478296
42.07610972,56.1640416,2.863456512
41.84713981,56.00288464,2.8259494
41.62064445,55.8391094,2.784919109
41.39661468,55.67289396,2.740327172
41.17503311,55.50441535,2.692133625
40.95587696,55.33385905,2.640300407
40.73911239,55.16141106,2.584788941
40.52470613,54.98726297,2.52556119
40.31261523,54.81160329,2.462576668
40.10279568,54.63462437,2.395794422
39.89519849,54.45651894,2.325171625
39.68976983,54.27748046,2.250670037
39.48643453,54.09769301,2.172329685
39.28509438,53.91733038,2.090246118
39.08564189,53.73656523,2.004519702
38.88795952,53.55556753,1.915253348
38.69192318,53.37450694,1.822553267
38.49739935,53.19354942,1.726526875
38.30424601,53.01285749,1.627282395
38.1123181,52.8325947,1.524930968
37.92146247,52.65292048,1.419583544
37.73152155,52.47399318,1.31135221
37.54233208,52.29596856,1.200349071
37.3537287,52.11900285,1.086687876
37.16554166,51.94325045,0.970482443
36.97760009,51.76885504,0.851859725
36.78974194,51.595885,0.731038155
36.60180569,51.42437117,0.608277343
36.41362614,51.25433971,0.483838248
36.22503562,51.08581281,0.357982515
36.03586492,50.91880925,0.230972046
35.84594539,50.75334579,0.103069286
35.65511406,50.58942308,-0.025464226
35.46325079,50.42699593,-0.15435712
35.27024373,50.26600191,-0.283339644
35.07598311,50.10637802,-0.412143786
34.88036278,49.94806187,-0.540503034
34.68327996,49.79099132,-0.668153263
34.48463676,49.63510561,-0.794832534
34.28435556,49.48032126,-0.920277784
34.08241108,49.32648661,-1.044216186
33.87879201,49.17344109,-1.1663758
33.67348875,49.02102617,-1.28649062
33.46650023,48.86909062,-1.404297178
33.25783013,48.71748779,-1.51953757
33.04749002,48.56607809,-1.631958528
32.83551371,48.41470981,-1.741322176
32.62199193,48.26319115,-1.847418679
32.40702437,48.11132754,-1.950048377
32.19071685,47.95893476,-2.049014861
31.9731807,47.80583863,-2.144126061
31.7545313,47.65187427,-2.235195571
31.53488899,47.49688696,-2.322042987
31.31438952,47.34072807,-2.404502456
31.09320473,47.18322616,-2.482456721
30.87152568,47.02421596,-2.555800619
30.64953862,46.86353805,-2.624433467
30.42743714,46.70104768,-2.688255668
30.20541503,46.53660991,-2.747171854
29.98366563,46.37009941,-2.801091586
29.76239202,46.20140795,-2.849929621
29.54180225,46.03042664,-2.893644538
29.3221226,45.85705554,-2.932228912
29.10357782,45.68120185,-2.965676046
28.88639183,45.50278114,-2.993979028
28.67078938,45.32171892,-3.017131305
28.45699242,45.13794806,-3.035127865
28.24522556,44.95141391,-3.047965457
28.03571418,44.76207526,-3.055649669
27.82867001,44.56990081,-3.058232736
27.62430881,44.37487477,-3.055784261
27.42284266,44.17698356,-3.048370721
27.22448357,43.97621947,-3.036056078
27.02944346,43.77258118,-3.018902652
26.83793124,43.56607129,-2.996971612
26.65015757,43.35670211,-2.970324222
26.46633019,43.14449604,-2.939026526
26.28662895,42.92949169,-2.903179833
26.11122571,42.71174257,-2.862901699
25.94028862,42.49129864,-2.818304463
25.77398859,42.26821444,-2.769497123
25.61249812,42.04254863,-2.716586027
25.45598892,41.81436166,-2.659674941
25.30463173,41.58371607,-2.598865552
25.15860018,41.35068448,-2.534260379
25.0180399,41.1153465,-2.465976712
24.88306603,40.8778008,-2.394155372
24.7537939,40.63814755,-2.318935171
24.63033835,40.3964814,-2.240449319
24.51281874,40.15290115,-2.158828864
24.40135681,39.90750726,-2.074202395
24.29607533,39.66039985,-1.986695721
24.19709932,39.41168267,-1.89643357
24.10455144,39.16146468,-1.80354187
24.01850981,38.90986345,-1.708161936
23.93902945,38.65700403,-1.610443774
23.86616903,38.40301041,-1.510534348
23.79999042,38.14800319,-1.408576741
23.74055997,37.8921048,-1.304712511
23.68794781,37.6354386,-1.199081569
23.64222736,37.37812827,-1.0918222
23.6034754,37.12030035,-0.983072304
23.57176386,36.86208454,-0.872971104
23.54711283,36.60361347,-0.761667321
23.52952306,36.34502007,-0.649312498
23.51899996,36.08643591,-0.536056275
23.51555375,35.82799163,-0.422046691
23.51919941,35.56981832,-0.307430996
23.52995655,35.31204807,-0.192356036
23.54784914,35.05481461,-0.076968721
23.57290522,34.79825477,0.03858317
23.6051485,34.54250482,0.154151713
23.64454848,34.28769867,0.26958507
23.69105507,34.03396329,0.384732429
23.74462276,33.78142519,0.499443187
23.80521066,33.53021127,0.61356641
23.87278268,33.28044861,0.726950783
23.94730737,33.03226561,0.839443916
24.02875756,32.78579325,0.950891642
24.11711026,32.54116528,1.061137731
24.21233837,32.298515,1.170025164
24.31436033,32.05796316,1.277401169
24.42307601,31.81961867,1.383116988
24.53838954,31.58358847,1.487023391
24.66020682,31.34998364,1.588967796
24.78843886,31.11891299,1.688796873
24.92300083,30.89048612,1.786354969
25.06381037,30.66481674,1.881482442
25.2107885,30.44202114,1.974016069
25.36384924,30.22221109,2.063793471
25.52285231,30.00547614,2.150666949
25.6876473,29.79189059,2.234495092
25.85808465,29.58152878,2.315133856
26.03401628,29.37446488,2.392436409
26.21529805,29.17077069,2.466253538
26.40178731,28.97051936,2.536431865
26.59334135,28.77378726,2.602812819
26.78982148,28.58064973,2.66523377
26.9910679,28.39116838,2.723543048
27.19688183,28.20537262,2.777616544
27.40706134,28.02328354,2.827332227
27.62140486,27.84491835,2.87256605
27.83971225,27.6702903,2.913191382
28.06178383,27.49941018,2.949077996
28.2874196,27.33228737,2.98009119
28.51642084,27.16892906,3.006091231
28.74858391,27.00933626,3.0269409
28.98367425,26.85347797,3.042547561
29.22145467,26.70129948,3.052836471
29.4616839,26.55274082,3.057732528
29.70412232,26.40773363,3.057159758
29.94853066,26.26620261,3.051040302
30.19466925,26.12806638,3.03929351
30.4422986,25.99323745,3.021834979
30.69117811,25.86162023,2.998584274
30.94105838,25.73309592,2.969520599
31.19169702,25.6075226,2.934651986
31.44284935,25.4847488,2.893990046
31.69427429,25.36461116,2.847548206
31.945733,25.24693549,2.795340834
32.19698714,25.13153795,2.737382633
32.44780087,25.01822417,2.67368723
32.69794419,24.90679296,2.604288797
32.94721297,24.79703893,2.529295382
33.19541538,24.68874459,2.448835783
33.44236201,24.58168166,2.363045767
33.68787381,24.47560804,2.272064354
33.93177494,24.37027126,2.176035159
34.17389425,24.26540801,2.075104997
34.41406879,24.16074599,1.969425895
34.65217326,24.05604004,1.859206086
34.88812488,23.95106087,1.74469814
35.12185152,23.84557089,1.626162458
35.3532857,23.7393262,1.503867766
35.58237348,23.63207287,1.378085393
35.80906678,23.52355062,1.249092144
36.03332347,23.41349416,1.117170187
36.25513851,23.3016789,0.982627067
36.47456754,23.18794199,0.845802537
36.69168071,23.07212275,0.707042235
36.90655459,22.95405946,0.566696572
37.11927315,22.83358901,0.425118817
37.32992589,22.71054792,0.282665106
37.53860565,22.58477427,0.139694879
37.74543233,22.45615198,-0.00343375
37.95057805,22.32465519,-0.146369464
38.15422462,22.1902707,-0.288762195
38.35655604,22.05298813,-0.430262339
38.55775692,21.91280077,-0.570520899
38.75801089,21.76970638,-0.709189732
38.95749891,21.62370837,-0.845921764
39.15641062,21.47484973,-0.980390383
39.3549618,21.32326016,-1.112316976
39.5533688,21.16908456,-1.241432584
39.75184413,21.0124701,-1.367471963
39.95059306,20.85356837,-1.490172451
40.14981381,20.69253473,-1.609275285
40.34969522,20.52952971,-1.724525481
40.55041888,20.36473339,-1.835692737
40.75216279,20.19838331,-1.942618865
40.95509713,20.03073006,-2.045162636
41.15938727,19.86202127,-2.143187171
41.36518597,19.69250772,-2.236556763
41.57263643,19.52244028,-2.325139416
41.78187138,19.35207005,-2.408807373
41.99300818,19.18165253,-2.487444893
42.20614541,19.01145608,-2.561005971
42.42136385,18.84175801,-2.62947419
42.63874259,18.67282851,-2.692835029
42.8583489,18.50493847,-2.751072969
43.08024026,18.33835733,-2.804173121
43.3044686,18.17334951,-2.852122953
43.53107146,18.01018018,-2.894911441
43.76007073,17.8491004,-2.932560727
43.99146012,17.69034826,-2.965140904
44.2252291,17.53415659,-2.992724246
44.46136384,17.38075471,-3.015380748
44.69984256,17.23037117,-3.033178294
44.9406423,17.08322906,-3.046183832
45.18373203,16.93955004,-3.054463341
45.42907087,16.79955232,-3.058084678
45.67660307,16.6634216,-3.057146741
45.9262528,16.53132504,-3.051769525
46.1779504,16.40342397,-3.042069529
46.43162044,16.27988088,-3.028159732
46.68718564,16.1608569,-3.010150095
46.94456732,16.04651133,-2.988147955
47.20368493,15.93700159,-2.962258418
47.46445078,15.83248154,-2.932586648
47.72676536,15.73306056,-2.899254653
47.99051455,15.63882051,-2.862395455
48.25559238,15.54984037,-2.822137738
48.52188977,15.46620101,-2.778607341
48.78929946,15.3879832,-2.731926863
49.05771245,15.3152685,-2.682216523
49.3270242,15.24813736,-2.629593253
49.59712491,15.18667097,-2.574172912
49.86790591,15.13093246,-2.516075303
50.13925386,15.08096564,-2.455426262
50.41105512,15.03681551,-2.392349294
50.68320113,14.99852865,-2.326964033
50.95557986,14.96615452,-2.259388453
51.22807887,14.93974456,-2.189738423
51.50058664,14.91935194,-2.118127569
51.77298891,14.90503163,-2.044668408
52.04516887,14.89682115,-1.9694728
52.31701158,14.89468467,-1.892651621
52.58840224,14.89857011,-1.814314533
52.85923096,14.9084279,-1.734568399
53.12939128,14.92421128,-1.653517724
53.39877864,14.94587634,-1.57126514
53.66729345,14.97338241,-1.487910485
53.93483607,15.00669184,-1.403552396
54.20130885,15.04577018,-1.318287751
54.46661487,15.09058609,-1.232212117
54.7306586,15.14111152,-1.145419622
54.99334425,15.19732145,-1.058003557
55.25457592,15.25919389,-0.970056408
55.5142571,15.32670973,-0.881670108
55.77229052,15.39985269,-0.79293618
56.0285775,15.47860909,-0.703946025
56.28301775,15.56296764,-0.614791094
56.53551159,15.65291174,-0.525561175
56.78597357,15.74836875,-0.436333202
57.03432892,15.84924217,-0.34717681
57.2805067,15.95543787,-0.258160144
57.52443766,16.06686372,-0.169350612
57.76605467,16.18343005,-0.080814738
58.00529308,16.30505016,0.007381987
58.24208957,16.4316401,0.095174685
58.47638202,16.56311882,0.182499014
58.70810992,16.69940872,0.269291319
58.93721115,16.84043394,0.355487398
59.1636256,16.98612275,0.441023819
59.38729231,17.13640597,0.525836809
59.60815076,17.29121807,0.609862708
59.82613755,17.45049503,0.693036646
60.04118939,17.61417648,0.775293638
60.25324144,17.78220479,0.856567879
60.46222878,17.95452448,0.936793758
60.66809712,18.13105411,1.015919212
60.87081051,18.31169231,1.093907916
61.07033628,18.49633805,1.170724902
61.26664317,18.68489067,1.246335498
61.45970221,18.87725104,1.320705679
61.64948728,19.07332265,1.393802273
61.83597287,19.27300976,1.465592088
62.01913573,19.47621951,1.536042536
62.19895206,19.6828592,1.605120524
62.3754002,19.89283965,1.67279348
62.54845952,20.10607441,1.739028878
62.71810858,20.32247792,1.803793512
62.88432647,20.5419674,1.867053971
63.04709135,20.76446129,1.928776033
63.206382,20.98988171,1.988925208
63.3621756,21.21815176,2.04746584
63.51444926,21.44919568,2.104362913
63.66318962,21.6829293,2.159598192
63.80839063,21.91926186,2.213164448
63.95004986,22.15810464,2.265055903
64.08816681,22.39936895,2.315267482
64.22274337,22.64296741,2.363794964
64.35378357,22.88881387,2.410634839
64.4812936,23.13682418,2.455784327
64.60528027,23.38691349,2.499240772
64.72575334,23.63900144,2.541002455
64.8427229,23.89300746,2.581067639
64.9562007,24.14885385,2.619434986
65.06619837,24.40646247,2.656102939
65.1727289,24.66575832,2.691070168
65.27580635,24.92666968,2.724335435
65.37544417,25.18912449,2.755897005
65.47165612,25.45305328,2.785753537
65.5644525,25.71838707,2.813913766
65.65384338,25.98505976,2.840396324
65.73984073,26.25300486,2.865221307
65.82245891,26.52215708,2.888410089
65.9017149,26.7924537,2.909985347
65.97762649,27.06382888,2.929970533
66.05021429,27.3362211,2.948390411
66.11950124,27.60957236,2.965270854
66.18551092,27.88382246,2.980638399
66.24826875,28.15891389,2.994520527
66.30780169,28.43479158,3.006945557
66.36413726,28.71139896,3.017942415
66.41730499,28.98868537,3.027540904
66.46733478,29.26659902,3.035771354
66.51425745,29.54509063,3.042664741
66.55809652,29.82411326,3.048254103
66.59886175,30.10362409,3.052576282
66.63656287,30.38358096,3.05566977
66.6712113,30.6639426,3.057574387
66.70282016,30.94466955,3.058331239
66.73140375,31.22572001,3.057982682
66.75697828,31.50705758,3.056572285
66.7795611,31.78864415,3.054144793
66.7991709,32.07044333,3.050746097
66.81582764,32.35242078,3.046423185
66.8295523,32.63454051,3.041224176
66.84036702,32.91676944,3.035198235
66.84829502,33.19907751,3.028395524
66.8533603,33.48143314,3.020867289
66.85558598,33.76380694,3.012665139
66.85497902,34.04616928,3.003835636
66.85153794,34.32849282,2.994422897
66.84526211,34.61075041,2.984472003
66.83615205,34.89291162,2.974029145
66.82420927,35.17494935,2.963141368
66.80943614,35.45683841,2.951856582
66.79183616,35.73855093,2.940223722
66.77141374,36.02006041,2.928292567
66.74817421,36.30134119,2.916113736
66.72212391,36.58236663,2.903738741
66.69327006,36.86311121,2.891219873
66.66162065,37.14355082,2.878610169
66.62718468,37.42366027,2.86596349
66.58997046,37.70341501,2.853332795
66.54997605,37.98278875,2.840759484
66.50719545,38.26175313,2.828279936
66.46162344,38.54028048,2.815930901
66.41325553,38.81834379,2.803749501
66.36208839,39.09591456,2.791773304
66.30811953,39.3729646,2.780040221
66.25134745,39.6494656,2.768588494
66.19177157,39.92538913,2.757456672
66.1293921,40.20070778,2.746683539
66.06421095,40.47539082,2.736308252
65.9962304,40.74941037,2.72637007
65.92545398,41.02273757,2.716908469
65.85188524,41.29534724,2.707962878
65.77552997,41.56720448,2.699566093
65.69639082,41.83828129,2.691738399
65.61447189,42.10854716,2.684498858
65.52977832,42.37797167,2.677866433
65.44231627,42.64652455,2.671859974
65.35209247,42.91417712,2.666498169
65.25911552,43.1808983,2.661799611
65.16339474,43.44665828,2.657782699
65.06494047,43.71142751,2.654465646
64.96376414,43.97517657,2.651866459
64.85987819,44.23787641,2.650002924
64.75329609,44.49949824,2.648892585
64.64403232,44.76001365,2.648552731
64.53733273,45.00474577,2.648185782
64.42612376,45.24746021,2.647178677
64.31046562,45.48808277,2.645522961
64.19041766,45.72654015,2.643210115
64.06603842,45.96275979,2.640231545
63.93738542,46.19666986,2.636578566
63.80451547,46.42819868,2.632242391
63.66748431,46.65727509,2.627214113
63.52634687,46.88382798,2.621484699
63.38115715,47.1077863,2.615044973
63.23196841,47.32907866,2.607885622
63.07883312,47.54763343,2.599997172
62.92180305,47.76337851,2.591369994
62.760929,47.97624161,2.581994277
62.59626699,48.18615263,2.571857989
62.42789263,48.39305776,2.560940345
62.25588587,48.59690847,2.549218207
62.0803259,48.79765709,2.536668281
61.90129098,48.99525683,2.523267084
61.71885764,49.18966244,2.508990856
61.53310329,49.38082723,2.493815747
61.3441029,49.56870649,2.477717534
61.15193096,49.75325522,2.460671745
60.95666074,49.93442882,2.442653576
60.75836508,50.1121821,2.423637935
60.55711593,50.28646977,2.403599372
60.35298452,50.45724614,2.382512073
60.14603989,50.62446617,2.360349669
59.9363603,50.78808851,2.337085648
59.72403831,50.94809897,2.312692266
59.50917028,51.10448901,2.287141579
59.29185141,51.25725199,2.260405407
59.07217457,51.40638366,2.232455148
58.85023354,51.55187974,2.203262155
58.62611927,51.69373826,2.172797234
58.39992181,51.83195802,2.141030841
58.1717299,51.96653873,2.107932991
57.94163022,52.09748121,2.073473094
57.70970933,52.22478612,2.0376202
57.47605215,52.34845476,2.00034272
57.24074244,52.46848861,1.961608446
57.00386114,52.58489028,1.921384321
56.7654979,52.69767424,1.879645746
56.52574529,52.8068812,1.836380598
56.2846959,52.91255626,1.791578141
56.04244023,53.01474729,1.745227538
55.79906563,53.11350504,1.697317588
55.55465908,53.2088817,1.647837204
55.30930428,53.30093188,1.596774794
55.06308285,53.38971186,1.544118426
54.81607417,53.4752794,1.489855727
54.56835483,53.55769379,1.433973684
54.32000032,53.63701502,1.376458967
54.0710834,53.71330425,1.317297478
53.82167479,53.78662335,1.256474439
53.57184252,53.85703616,1.193977661
53.32164841,53.92461947,1.129826867
53.07114811,53.98945952,1.064059621
52.82039431,54.05164539,0.996713889
52.56943651,54.11126858,0.927827672
52.31832113,54.16842273,0.857438886
52.0670915,54.22320333,0.785585248
51.81578802,54.27570739,0.712304191
51.56444809,54.32603325,0.637632757
51.31310631,54.37428032,0.56160754
51.06179446,54.42054885,0.484264581
50.81054175,54.46493979,0.405639371
50.55937525,54.50755447,0.325766899
50.30831815,54.54849481,0.244681129
50.05738602,54.58785366,0.162436492
49.80657095,54.62570492,0.079132052
49.55586199,54.66212052,-0.005126657
49.3052456,54.69717332,-0.090234893
49.05470637,54.73093691,-0.176088711
48.8042283,54.76348522,-0.262584692
48.55379093,54.79489288,-0.349621509
48.30337512,54.82523431,-0.437098066
48.05295993,54.85458401,-0.52491476
47.80252461,54.88301623,-0.61297291
47.55204535,54.91060519,-0.70117603
47.30149959,54.93742448,-0.789428434
47.05086451,54.96354722,-0.87763588
46.80011643,54.98904378,-0.965704478
46.54921948,55.01393842,-1.053516116
46.29812156,55.03821194,-1.140931474
46.04677614,55.06184349,-1.227810832
45.79513737,55.08481292,-1.31401715
45.54316294,55.10710061,-1.399415247
45.29081255,55.1286876,-1.483872488
45.03804422,55.14955591,-1.567260185
44.78482387,55.16968783,-1.649450533
44.53112045,55.18906631,-1.730318482
44.27690565,55.20767508,-1.809741992
44.02214974,55.22549897,-1.887603483
43.76683168,55.24252316,-1.963786857
43.51093332,55.25873372,-2.038179536
43.25444075,55.27411682,-2.110672293
42.99733892,55.28862089,-2.18116202
42.73961764,55.30213798,-2.249549667
42.48126636,55.3145583,-2.315739183
42.22228426,55.32577457,-2.3796348
41.96267173,55.33568239,-2.44114335
41.70243621,55.34418012,-2.500172998
41.44158507,55.35116914,-2.556635023
41.18013457,55.35655368,-2.610441983
40.91810694,55.36024111,-2.661508705
40.65552617,55.36214212,-2.709753344
40.39242276,55.36217085,-2.75509667
40.12882928,55.36024504,-2.797463122
39.86478731,55.35628627,-2.836779931
39.60034004,55.35022013,-2.872978621
39.33553614,55.34197617,-2.905994919
39.07042928,55.33146664,-2.935787499
38.80508473,55.31857261,-2.962346279
38.53956843,55.30317534,-2.9856635
38.27395201,55.28515983,-3.005730578
38.00830865,55.26441465,-3.022538818
37.74271638,55.24083229,-3.036079491
37.477253,55.2143089,-3.046344416
37.21200578,55.18474555,-3.053325877
36.94705875,55.15205445,-3.057017494
36.68250216,55.11616225,-3.057413398
36.41842441,55.07699848,-3.054507809
36.15492133,55.03449616,-3.048295298
35.8920889,54.98859112,-3.038771094
35.63002709,54.93922278,-3.025931461
35.36883592,54.88633377,-3.009773832
35.10862269,54.82987169,-2.99029756
34.8494908,54.76978519,-2.967515584
34.59154644,54.70602034,-2.941477452
34.33489963,54.63852405,-2.912237719
34.07965669,54.56724323,-2.879848398
33.82593077,54.49212772,-2.844360515
33.57383533,54.41312895,-2.805823764
33.32348356,54.33019985,-2.764286638
33.07499316,54.24329674,-2.719797529
32.82848562,54.15238041,-2.672405543
32.5840709,54.05742698,-2.622167262
32.34185991,53.95843012,-2.56914772
32.10195873,53.85538151,-2.513409129
31.86447897,53.74827446,-2.455012931
31.62953328,53.63710248,-2.39401917
31.39723761,53.52186071,-2.33048738
31.16770684,53.4025441,-2.264475707
30.94105908,53.27914987,-2.196042313
30.71741451,53.15167905,-2.125246872
30.49687794,53.02014668,-2.052163402
30.27954887,52.88457924,-1.976876738
30.06552956,52.74500298,-1.899470482
29.85491979,52.60144027,-1.820024983
29.64782521,52.45391534,-1.738620596
29.44435339,52.30245215,-1.655336594
29.24461299,52.14707406,-1.570251054
29.04871537,51.98780546,-1.483441785
28.85677424,51.82467313,-1.394987113
28.66888654,51.65771872,-1.304973167
28.48513414,51.48699992,-1.213494694
28.30560056,51.31257356,-1.120645571
28.13037053,51.13449367,-1.026517814
27.95953235,50.95281403,-0.931203019
27.79317691,50.76758757,-0.834792082
27.63139786,50.57886688,-0.737375517
27.4742915,50.38670448,-0.639043638
27.32195719,50.19115381,-0.539887063
27.17448429,49.99227651,-0.439999941
27.03193347,49.79015312,-0.339484762
26.89436314,49.5848651,-0.238444528
26.76183449,49.37649207,-0.136981642
26.63441167,49.16511225,-0.035198194
26.51216199,48.95080295,0.066803737
26.39515642,48.73364171,0.168921472
26.28346806,48.5137038,0.271052868
26.17717425,48.29106641,0.37309431
26.07635209,48.06581084,0.474940163
25.98104414,47.83803158,0.576481979
25.89127708,47.6078298,0.677609402
25.80708011,47.37530476,0.778212003
25.72848562,47.14055523,0.878178524
25.65552891,46.9036784,0.977397274
25.58824858,46.66477109,1.075755476
25.52668672,46.42393033,1.173138951
25.47088898,46.18125389,1.269431832
25.42090371,45.93683944,1.364516894
25.37675667,45.69079493,1.458275808
25.33843726,45.44323359,1.550593058
25.30593387,45.19426691,1.641352719
25.27923762,44.94400895,1.730436269
25.25834169,44.69257005,1.817724699
25.24324205,44.44006154,1.903096659
25.23393737,44.18659168,1.986429623
25.23042955,43.93227498,2.06759663
25.2327233,43.67722322,2.146469127
25.24081055,43.42155251,2.222918932
25.25463704,43.1653817,2.296828048
25.27414023,42.90882536,2.368080249
25.29925786,42.65200297,2.436555786
25.32992898,42.39502828,2.502134096
25.36609395,42.13801442,2.564692016
25.40769444,41.88107567,2.624103071
25.45467333,41.62432835,2.680237028
25.50697554,41.36788712,2.732960426
25.56453427,41.11186835,2.782142061
25.62723593,40.85638357,2.827672297
25.69495607,40.60153604,2.86944642
25.76756697,40.34743371,2.907356833
25.84494093,40.09417794,2.941294579
25.92694993,39.84186695,2.971148155
26.01346478,39.59059938,2.996802585
26.10435404,39.3404776,3.018138792
26.19948752,39.0915977,3.03503422
26.29871562,38.84405201,3.047380557
26.40185143,38.59792,3.055103866
26.50870099,38.35327385,3.058134263
26.61906685,38.11018129,3.056401269
26.73274898,37.86870463,3.049833205
26.84954428,37.62890261,3.038356562
26.96924648,37.39083097,3.021895458
27.09164684,37.15454161,3.000370943
27.21653164,36.92008146,2.973707198
27.34366469,36.68748396,2.941879117
27.47280201,36.45676097,2.904886669
27.60369401,36.2279192,2.862732393
27.73608696,36.00095834,2.815420452
27.86972586,35.77586676,2.76295492
28.00435038,35.55262905,2.705340588
28.13969702,35.33122243,2.642581588
28.27549938,35.11161725,2.574685241
28.41149843,34.89376928,2.501714687
28.54744338,34.67761444,2.423774872
28.68308156,34.46307852,2.340976422
28.81815823,34.25007821,2.253434349
28.95241943,34.03851709,2.161265484
29.08560729,33.82829358,2.06459094
29.21746319,33.61929613,1.963533467
29.3477332,33.41140391,1.858223583
29.476208,33.20449432,1.748854658
29.60270804,32.99843081,1.635652112
29.72705603,32.79306813,1.518847105
29.84907653,32.58825332,1.398675817
29.96859736,32.38382388,1.275377344
30.08544833,32.17961032,1.149194183
30.19946015,31.97543837,1.020372844
30.31049032,31.77113649,0.889175767
30.41848332,31.56654816,0.755906379
30.52340557,31.36151562,0.620878421
30.62522868,31.15587623,0.484407483
30.72392819,30.94946506,0.34681154
30.8194836,30.74211509,0.208409994
30.91187761,30.53365922,0.069523935
31.00109852,30.3239329,-0.069523929
31.08720358,30.1128016,-0.20840999
31.17031943,29.90015959,-0.346811565
31.25057846,29.68590355,-0.484407507
31.32811521,29.46993233,-0.620878458
31.40306557,29.25214892,-0.755906602
31.47556626,29.03246138,-0.8891761
31.54575421,28.81078452,-1.020373198
31.6137805,28.58705047,-1.149194087
31.67986809,28.36124114,-1.275377357
31.74425966,28.13335848,-1.398675998
31.80719532,27.90340766,-1.518847457
31.86891142,27.67140058,-1.635652365
31.92963996,27.43735703,-1.74885481
31.98960874,27.2013032,-1.85822401
32.04903982,26.9632771,-1.963533044
32.10816802,26.72333918,-2.06459089
32.16725575,26.48159155,-2.161265701
32.22656215,26.23814561,-2.25343384
32.28634056,25.99311126,-2.340976241
32.34683578,25.7466078,-2.42377486
32.40828434,25.49876167,-2.501714493
32.47091561,25.24970066,-2.574685372
32.53494845,24.99956592,-2.642581162
32.60059578,24.74850776,-2.705340269
32.66806335,24.49669912,-2.762954884
32.73754962,24.24431658,-2.815420316
32.8092473,23.99153314,-2.862732562
32.88334045,23.73852859,-2.904886767
32.96000568,23.48548393,-2.941879107
33.03941208,23.23258099,-2.97370737
33.12171801,22.98001092,-3.000370766
33.20706592,22.72795865,-3.021895332
33.29556946,22.47661312,-3.038356542
33.38733445,22.22616504,-3.049833122
33.48246579,21.97679613,-3.056401238
33.58106157,21.72869481,-3.058134264
33.68321453,21.4820511,-3.055103886
33.7890138,21.23705178,-3.047380581
33.89854175,20.99388701,-3.035034215
34.01187041,20.75274734,-3.018138766
34.12903782,20.51380292,-2.996802408
34.25006299,20.27721822,-2.971148102
34.37496447,20.04315654,-2.941294758
34.50376281,19.81177572,-2.90735681
34.63647413,19.5832397,-2.869446204
34.77311238,19.35771332,-2.827672412
34.91369194,19.13535755,-2.782141935
35.0582223,18.91633763,-2.73296024
35.20670153,18.70081312,-2.680237121
35.35909443,18.48890954,-2.624102946
35.51535494,18.28074849,-2.564691775
35.67543808,18.07645272,-2.502134154
35.83930445,17.87614039,-2.436555594
36.00691239,17.67993485,-2.368079838
36.17822053,17.48796074,-2.296828161
36.35318959,17.30034174,-2.222918819
36.53177815,17.11720483,-2.14646896
36.71393798,16.93867174,-2.067596699
36.89959264,16.76482724,-1.986429519
37.08865684,16.59574684,-1.903096616
37.28104797,16.43150755,-1.817724422
37.47668815,16.27218612,-1.730435818
37.67549999,16.11786262,-1.641352152
37.87740773,15.96861919,-1.55059287
38.08233759,15.82453967,-1.458275497
38.29021601,15.68571072,-1.364516535
38.50096792,15.55221899,-1.269431884
38.71449977,15.42411949,-1.173138933
38.93070652,15.30144583,-1.075755417
39.14948603,15.18423295,-0.977397225
39.37073945,15.0725177,-0.878178432
39.59437005,14.96633951,-0.778211891
39.82028314,14.86574043,-0.677609392
40.04838561,14.77076539,-0.576481961
40.27858545,14.68146232,-0.47494014
40.5107912,14.59788216,-0.373094309
40.7449046,14.52006001,-0.271053213
40.98081512,14.44799618,-0.168921817
41.21841365,14.38168854,-0.066803701
41.45759345,14.3211371,0.035198226
41.69825034,14.26634426,0.136981667
41.94028192,14.21731515,0.238444534
42.18358746,14.17405776,0.339484784
42.42806698,14.13658327,0.43999994
42.67362136,14.10490607,0.53988703
42.9201511,14.07903826,0.639043807
43.16754862,14.05895831,0.737375638
43.41570696,14.04463166,0.834792086
43.6645231,14.03602529,0.93120346
43.91389138,14.0331083,1.026518153
44.16371174,14.03585186,1.120645699
44.41388506,14.04422964,1.213494833
44.66431276,14.05821808,1.304973202
44.91489608,14.07779639,1.394986968
45.16553922,14.10294587,1.483442281
45.41614042,14.13362512,1.570251416
45.66660327,14.16977091,1.655336672
45.91683506,14.21132026,1.738620938
46.16674043,14.25821057,1.820025082
46.41622834,14.31038104,1.899470125
46.66521232,14.36777335,1.976877035
46.91360078,14.43032968,2.052163504
47.16130625,14.49799507,2.125246677
47.40824344,14.57071704,2.196042521
47.65432447,14.64842923,2.264475762
47.89946753,14.73104644,2.330487384
48.14359252,14.81848161,2.394019162
48.38662181,14.91064785,2.455012555
48.62848088,15.00745915,2.513408637
48.86909591,15.10882974,2.569147251
49.10839501,15.21467492,2.622167088
49.34630776,15.32491124,2.672405313
49.58276506,15.43945592,2.719797576
49.81770384,15.55821119,2.764286501
50.05107135,15.68106395,2.805823623
50.28281747,15.80789918,2.844360524
50.51289579,15.9386017,2.879848405
50.74126288,16.07305618,2.912237642
50.96787847,16.21114756,2.941477485
51.19270358,16.35276027,2.967515482
51.41570334,16.49778022,2.990297465
51.63684388,16.64609419,3.009773913
51.85608485,16.79758825,3.025931423
52.07339619,16.95215328,3.038771139
52.28874434,17.10967355,3.04829529
52.50210715,17.27003757,3.054507805
52.71346276,17.43313052,3.057413394
52.92279456,17.59883819,3.057017495
53.13009003,17.76704646,3.053325888
53.33534152,17.93764111,3.046344397
53.53855067,18.11049796,3.036079534
53.73973277,18.28548939,3.022538782
53.9389046,18.46248378,3.005730577
54.13609161,18.64135221,2.985663501
54.33132247,18.8219639,2.962346334
54.52463129,19.00418835,2.935787548
54.71605699,19.18789489,2.90599502
54.9056418,19.37295575,2.872978522
55.09340861,19.55926841,2.836779925
55.27937659,19.74675102,2.797463119
55.4635691,19.9353206,2.755096623
55.64601324,20.12489225,2.709753339
55.82674621,20.31538598,2.661508704
56.00580851,20.50672005,2.610441996
56.18324719,20.69881453,2.556635273
56.35911485,20.89159056,2.500173315
56.53346981,21.08497069,2.441143331
56.70637578,21.27887875,2.379634787
56.87790198,21.47324015,2.315739145
57.04812253,21.66798129,2.249549876
57.21711719,21.86303052,2.181162016
57.38497051,22.05831718,2.110672342
57.55176931,22.25377606,2.038179067
57.71755769,22.44937811,1.963786834
57.88235736,22.64512623,1.887603979
58.04619171,22.84102473,1.809742708
58.2090869,23.03707962,1.73031865
58.37107175,23.2332985,1.649450714
58.53217866,23.42969172,1.567260434
58.69244149,23.6262699,1.483872849
58.8518975,23.82304636,1.399415293
59.01058736,24.02003718,1.314017199
59.16855315,24.2172588,1.227810953
59.32583832,24.41472806,1.140931756
59.48248916,24.61246401,1.053516662
59.63855456,24.81048771,0.965704492
59.79408214,25.00882042,0.877635881
59.94908114,25.20750715,0.789427904
60.1035151,25.406611,0.70117568
60.2573481,25.60620024,0.612972944
60.41054405,25.80634387,0.524914636
60.56306451,26.0071086,0.437098082
60.71487157,26.2085624,0.349621293
60.86592488,26.41077046,0.262584557
61.01618487,26.61379923,0.176088515
61.1656115,26.81771454,0.090234779
61.31416275,27.02257941,0.005126663
61.46179655,27.22845629,-0.079132012
61.60846954,27.43540519,-0.162436385
61.75413789,27.64348439,-0.244681129
61.89875334,27.85275012,-0.325766899
62.04223858,28.06325614,-0.405639477
62.18450368,28.27505577,-0.484264664
62.32545705,28.48820011,-0.561607583
62.46500577,28.70273815,-0.637632771
62.60305559,28.91871661,-0.712304202
62.73951086,29.13617942,-0.785585256
62.87427479,29.3551678,-0.857438889
63.00724948,29.57571999,-0.927827679
63.13833609,29.79787098,-0.996713904
63.26743497,30.02165226,-1.06405965
63.39444582,30.2470916,-1.129826906
63.51926796,30.4742128,-1.193977705
63.6418005,30.70303532,-1.256474409
63.76194559,30.93356852,-1.317297471
63.87960987,31.1658073,-1.376458984
63.99469969,31.39974357,-1.433973713
64.10712051,31.63536727,-1.489855738
64.21677689,31.87266591,-1.544118468
64.32357293,32.11162528,-1.596774871
64.42741191,32.35222813,-1.647837297
64.52819669,32.59445473,-1.697317688
64.62582985,32.83828251,-1.745227613
64.72021373,33.08368571,-1.791578288
64.81125093,33.33063597,-1.836380796
64.8988442,33.57910124,-1.879645966
64.98289684,33.82904608,-1.921384538
65.06331482,34.08043047,-1.96160839
65.14002677,34.3332036,-2.000342718
65.21297394,34.58730679,-2.037620228
65.28209721,34.8426808,-2.073473138
65.34733678,35.09926539,-2.107933046
65.40863215,35.35699877,-2.141030919
65.4659226,35.61581903,-2.172797338
65.51914679,35.87566187,-2.203262268
65.56824313,36.13646166,-2.232455267
65.61314988,36.39815095,-2.260405469
65.65380536,36.66066079,-2.287141688
65.690148,36.92392012,-2.312692395
65.7221166,37.18785583,-2.337085785
65.74965047,37.45239258,-2.3603498
65.77269555,37.71745218,-2.382512052
65.79122766,37.98295341,-2.403599372
65.80523117,38.24881313,-2.423637945
65.8146896,38.5149484,-2.442653593
65.81958572,38.78127605,-2.460671768
65.81990152,39.04771223,-2.477717561
65.81561836,39.31417325,-2.493815779
65.80671699,39.58057418,-2.508990889
65.79317766,39.8468294,-2.523267085
65.77498023,40.11285229,-2.536668298
65.7521043,40.37855532,-2.549218231
65.72452929,40.64384969,-2.560940371
65.69223463,40.90864535,-2.571858015
65.65519995,41.17285028,-2.581994274
65.61341136,41.43637427,-2.591369992
65.56688062,41.69912759,-2.599997172
65.51562456,41.96102344,-2.607885623
65.45965925,42.22197455,-2.615044975
65.39899991,42.48189344,-2.6214847
65.33366101,42.74069225,-2.627214115
65.2636563,42.99828279,-2.632242393
65.18899892,43.25457617,-2.636578567
65.10970151,43.50948279,-2.640231545
65.02577624,43.76291223,-2.643210115
64.93723502,44.01477307,-2.645522961
64.84408952,44.26497287,-2.647178678
64.74635138,44.51341802,-2.648185782
64.64403232,44.76001365,-2.648552731
